id,created_at,text
1128818687258124288,2019-05-16 00:25:22,Seeing great questions from the community for tomorrow's YouTube Live AMA @ noon PST where we'll talk about all thi‚Ä¶ https://t.co/3ZcerEx9lj
1128818658707410944,2019-05-16 00:25:15,RT @coinbase: ‚ÄúThe most important thing to understand about the cryptoeconomy is that we‚Äôre not simply righting the wrongs of finance 1.0.‚Ä¶
1128639903519137792,2019-05-15 12:34:56,"""there are no traffic jams along the extra mile"""
1128395170595078144,2019-05-14 20:22:27,Heads' up. I'm getting ready to host my second YouTube Live video #AMA on Thursday @ noon PST. What do you want to‚Ä¶ https://t.co/0pBF0iVJZU
1128394881938935810,2019-05-14 20:21:19,RT @coinbase: Today we expand USD Coin trading to 85 countries across the globe. This helps accelerate the global adoption of crypto tradin‚Ä¶
1127765087761182722,2019-05-13 02:38:44,RT @js_horne: @RachaelRad im ready for the everything exchange
1127465301858107398,2019-05-12 06:47:29,"RT @then_there_was: @Cernovich I used to think because I could speak well that I would also be good in a debate.

But then I spoke to polic‚Ä¶"
1127463639395356672,2019-05-12 06:40:53,RT @paulg: It's hard to beat someone at something if they enjoy it and you don't. This is true for good things like writing and dancing and‚Ä¶
1127463436164579329,2019-05-12 06:40:05,"RT @dan_coff: 1. Have the opportunity to greenfield some business-critical application, and stick around long enough to see the next genera‚Ä¶"
1127264038197481472,2019-05-11 17:27:44,"https://t.co/4ueuoO4b8Z

""With great pleasure we would like to report that we have discovered a GraqhQL endpoint th‚Ä¶ https://t.co/yEZ4p9wn3i"
1126691706827489280,2019-05-10 03:33:30,"@ljxie Totally agree. Anonymous accounts can speak unpopular truths, and there are many these days. My fear was alw‚Ä¶ https://t.co/j8GihUJRI8"
1126691088364781569,2019-05-10 03:31:03,"RT @coinbase: This week, the security teams at Coinbase and @CoinbaseCustody found a critical vulnerability in MKR voting contracts. Here's‚Ä¶"
1126324972228628480,2019-05-09 03:16:14,"In a world of decentralized identity, this should just be scanning a QR code, which shares my proof of funds, and p‚Ä¶ https://t.co/2pEXmut8FW"
1126324529926692865,2019-05-09 03:14:28,"Proof of income? uploading random PDFs is state of the art
Proof of assets? We've never heard of this concept, must‚Ä¶ https://t.co/OSG2UfXldf"
1126324100681609217,2019-05-09 03:12:46,I just filled out a rental application in SF - what an inspiration to help accelerate the creation of the open fina‚Ä¶ https://t.co/HVu7waEiss
1125893768517910529,2019-05-07 22:42:47,"where we expect everyone to help put ""top 10%"" talent in every seat."
1125893732275052546,2019-05-07 22:42:38,Coinbase is a place that values high performance. What does this mean? It means we look for people who can get a lo‚Ä¶ https://t.co/WcCUq9uFSQ
1125827085568815104,2019-05-07 18:17:48,Thank you @fredwilson for being a great board member and helping us build this company üëèüëèüëè https://t.co/1DhRv1lsv0
1125547437005910022,2019-05-06 23:46:35,"Now more than 30 crypto assets available on Coinbase Custody üôå

https://t.co/oiKktOmsKA"
1124799772110360576,2019-05-04 22:15:38,"Enjoyed this talk, covers some of the coming societal changes and ethical concerns around gene editing https://t.co/9UtGhTIF2u"
1124474281306361856,2019-05-04 00:42:15,Thank you @balajis for your incredible contributions to @coinbase! You will be missed and I can't wait to see what‚Ä¶ https://t.co/1GLxlIxT1N
1124349755000119296,2019-05-03 16:27:25,"RT @DelRey: When Jeff Bezos announced a year ago that Amazon Prime had 100 million members, I had a thought: I don‚Äôt know a ton about how P‚Ä¶"
1124106225199734784,2019-05-03 00:19:43,"@Michael35267456 I agree, not ideal. Stablecoins are sort of a stepping stone. Some limitations, some benefits. Hop‚Ä¶ https://t.co/9qcOMSdF6O"
1124105133313466368,2019-05-03 00:15:23,@LukeDashjr That's a fair point actually. It doesn't have all the benefits. Certainly some though. Let's see if we can update that...
1123740152591990785,2019-05-02 00:05:05,"https://t.co/vBZYqBocJv

Great to see AI graduating from games to accelerating scientific research."
1123687870395502592,2019-05-01 20:37:20,"With the confirmation that Tether is not fully collateralized, my hope is that the industry graduates to more trust‚Ä¶ https://t.co/ZzHpJOwSb4"
1123685695384641539,2019-05-01 20:28:41,https://t.co/BvSrAmav06 is building out some awesome software to help scale our experiment giving crypto to people‚Ä¶ https://t.co/DcBg7WxRf5
1123685512051666944,2019-05-01 20:27:57,"RT @CoinbaseWallet: Wow! Much Coin! So Crypto! 
Announcing support for Dogecoin (DOGE) on Coinbase Wallet!

https://t.co/ymvDXjsuma"
1123677742346776576,2019-05-01 19:57:05,Congrats to @judegomila and team on the launch of @Golden and great to see cryptocurrency as a major initial area https://t.co/GRkqcoLufU
1123310744739635201,2019-04-30 19:38:46,RT @balajis: Eventually the acquisition of a company will just be the acquisition of its private keys. Everything else about the corporate‚Ä¶
1123310466602684416,2019-04-30 19:37:39,RT @elonmusk: @VitalikButerin What should be developed on Ethereum?
1122935556357251072,2019-04-29 18:47:54,https://t.co/4jyXbSzqSD
1122935458692878337,2019-04-29 18:47:31,"Worth subscribing to the new @naval podcast.

(On whatever podcast app you use)"
1122589489270935552,2019-04-28 19:52:45,"RT @paulg: This made my day. I would not ordinarily link to something someone wrote about me, but it makes me so happy to remember those mo‚Ä¶"
1122588244967735296,2019-04-28 19:47:48,"RT @shl: Most profound thing I've learned in the past eight years is the difference between behavior and intention. 

Behavior is what some‚Ä¶"
1119459400995835906,2019-04-20 04:34:54,@RachaelRad What warranted the third viewing?? (Or second)
1119121958640111616,2019-04-19 06:14:01,This is such a great headline https://t.co/CDq18kfSjP
1118764136370855936,2019-04-18 06:32:10,@brucefenton Accurate
1118703628406050816,2019-04-18 02:31:44,"Check out this behind the scenes look at our Hackathon last week https://t.co/jBBLZ7aw2k

Great snapshot of how Coi‚Ä¶ https://t.co/c2yHX1hQaO"
1118701976122871809,2019-04-18 02:25:10,"RT @coinbase: Congrats to our Vision Hack 2: #cryptoforfall winners and biggest thanks to all who participated. We had 127 ideas submitted,‚Ä¶"
1118701895067897856,2019-04-18 02:24:50,And the asset train continues....the teams worked incredibly hard to keep these new asset launches coming. https://t.co/YGd8yD6pt3
1118700744503255040,2019-04-18 02:20:16,Excited to continue expanding crypto-to-crypto trading around the globe üåè https://t.co/EeUh8lbbs4
1118178725378478080,2019-04-16 15:45:57,RT @ljxie: I like writing tweetstorms significantly more than blog posts. It takes minutes to write a thread vs hours/days (less likely to‚Ä¶
1118021252864602112,2019-04-16 05:20:13,@danielgross UBI!
1117163003583942656,2019-04-13 20:29:50,RT @coinbase: The hacking continues as we enter day two of VISION HACK 2: #cryptoforall. Inspired by the diverse range of creative and inno‚Ä¶
1116583963164696578,2019-04-12 06:08:56,"@zhayitong Painful right?? Smaller services help, but slow down in other ways. We need to keep investing in tools."
1116583498741977093,2019-04-12 06:07:05,@LauraBehrensWu https://t.co/20cf55qQC1
1116583215890780161,2019-04-12 06:05:58,"RT @coinbase: We‚Äôre excited to announce Coinbase Card, a Visa debit card that lets UK customers spend crypto as effortlessly as the money i‚Ä¶"
1115763187784138757,2019-04-09 23:47:28,We're working on a new way to standardize reporting internally at the moment. Important to develop rigor around thi‚Ä¶ https://t.co/orKleia735
1115761164309241856,2019-04-09 23:39:26,@zawy3 Linear scale - not log. You got this!!
1115760882900856833,2019-04-09 23:38:18,@mdudas https://t.co/Dl3yDcRgnF
1115760627765530624,2019-04-09 23:37:18,"It's not just us either - whole industry seems to be growing nicely. If this is winter, let's hope it lasts!"
1115760312890716162,2019-04-09 23:36:03,Coinbase Wallet is growing nicely.... https://t.co/FpEzk945CB https://t.co/WkklRi70dj
1115759965614948357,2019-04-09 23:34:40,Coinbase Earn is growing nicely.... https://t.co/hB1HkoDdvw https://t.co/lv3xGIRqn1
1115759474050863105,2019-04-09 23:32:43,"Coinbase Commerce is growing nicely.... https://t.co/lamDEPoGXe

(note: all unaudited numbers) https://t.co/S8rIeytQgl"
1115496376656228352,2019-04-09 06:07:15,The new asset train continues üöÜ https://t.co/LWoNPe6huG
1115041734277206016,2019-04-08 00:00:40,"Having a human league, and AI league, would allow there to still be a top human player. And the AI league would bre‚Ä¶ https://t.co/RhFctAcNsg"
1115041408983810049,2019-04-07 23:59:23,I wonder if we'll get to see more matches from AlphaStar (@DeepMindAI's agent that plays StarCraft II). I can see B‚Ä¶ https://t.co/bJJGVkWs5D
1114786765317988353,2019-04-07 07:07:31,@kermankohli @cdixon I think the point is just to learn and expand your horizons. If you see something you like and‚Ä¶ https://t.co/R9RBKS3qon
1114785794357485568,2019-04-07 07:03:39,"Basically a high-quality summary from the author themselves, for free. This helps solve one of the challenges with‚Ä¶ https://t.co/v48DOmQMx1"
1114784735320891392,2019-04-07 06:59:27,"Two examples I just went through, both good books I had read partially the old fashioned way.

Master Switch‚Ä¶ https://t.co/Kc9HeFFFxP"
1114784203432910848,2019-04-07 06:57:20,One good way to ‚Äúread‚Äù books faster: look up the title on YouTube and try to find a talk by the author. You can usu‚Ä¶ https://t.co/zqT6MHihjW
1114585081065041926,2019-04-06 17:46:05,"@garrytan @briansin Agree, I often find similarities in business to StarCraft 2 or Civilization. Collect resources,‚Ä¶ https://t.co/GXivfvfXkH"
1114250820944400384,2019-04-05 19:37:52,"RT @sama: If you notice something at your company below standards and don't fix it or make sure someone else does, you have set a new stand‚Ä¶"
1114052640621465600,2019-04-05 06:30:22,RT @dwr: Making it a bit simpler to transfer crypto from Coinbase to a user-controlled wallet. https://t.co/SnsaLblfjS https://t.co/FiZKFJl‚Ä¶
1113622111648489472,2019-04-04 01:59:36,"RT @AsiffHirji: Great to see @coinbase
recognized as one of the top companies people want to work for. Culture and talent level are the onl‚Ä¶"
1113621990827421696,2019-04-04 01:59:07,"RT @jessepollak: I interviewed one of the most senior engineers at @coinbase about becoming a technical leader. a bunch of tactical, hands-‚Ä¶"
1113616875026444288,2019-04-04 01:38:47,@ccipolla926 Working with NYDFS on this every week. As fast as we can.
1113616525741543425,2019-04-04 01:37:24,@_scally_wag I successfully passed the turing test! Thank you üòÄüôè
1113593591748632576,2019-04-04 00:06:16,"I did a live AMA yesterday answering people's questions on Twitter/YouTube https://t.co/Ifq7naVlA6

Let me know wha‚Ä¶ https://t.co/u0UNVPZSi7"
1113560974412279808,2019-04-03 21:56:39,"This article draws precisely the wrong conclusion. https://t.co/nFLw5SkuAT
Innovation requires quick iteration and‚Ä¶ https://t.co/uG1FMKlteh"
1113317367516323840,2019-04-03 05:48:39,"RT @AsiffHirji: Crypto is more than ready. @coinbase offers a scale, insured, Qualified Custodian; the deepest compliant pool of liquidity‚Ä¶"
1113317361338028032,2019-04-03 05:48:38,RT @AsiffHirji: More irony on the day bitcoin spikes  https://t.co/c05g3cadYf
1112936145497743361,2019-04-02 04:33:49,"@mdudas @FEhrsam @paradigm Agreed - @fehrsam is working super hard, wasn't burned out, and prob going to do even better as an investor. :)"
1112910872433704960,2019-04-02 02:53:23,Check out @GarryTan's episode on @twentyminutevc ! https://t.co/cZrEFoZ9eX
1112908767258001408,2019-04-02 02:45:01,"I'm hosting a live AMA on YouTube tomorrow, Tuesday April 2nd, at 3pm Pacific Time.

üëá Subscribe to our YouTube cha‚Ä¶ https://t.co/Qg9VefAs5w"
1112907413533814785,2019-04-02 02:39:38,"Building a great support group around you also helps give incredible leverage (exec assistant, chief of staff, etc)‚Ä¶ https://t.co/CiqVLQEXbi"
1112906816877355008,2019-04-02 02:37:16,Building a peer group is a good idea also. I've been meeting with a group of 5-10 other founders about once a month‚Ä¶ https://t.co/b6HHEwatYb
1112906530259525632,2019-04-02 02:36:08,@ishai_strauss @stellarportio About average as far as SV startups go I think. All founders deal with stress.
1112906375330332673,2019-04-02 02:35:31,"Lots of components here, including health (sleep, nutrition, meditation, etc), exec coaching (polite word for thera‚Ä¶ https://t.co/w3HVlvBtHo"
1112905232776814593,2019-04-02 02:30:58,"This is something I could probably write more about at some point (longer post): ""how to make running a company sus‚Ä¶ https://t.co/nqwwMPQQGb"
1112904953582870532,2019-04-02 02:29:52,"Then more entrepreneurs/operators could keep doing what they love, and not be stressed by it."
1112904858380591105,2019-04-02 02:29:29,Who am i to criticize people for burning out and wanting to take a break? Makes sense. And if it's not what they lo‚Ä¶ https://t.co/TaHUmVw9jF
1112904549289717761,2019-04-02 02:28:15,"For many experienced execs, everything they earn at this stage is going to taxes or charity. There is really amazin‚Ä¶ https://t.co/dke9QhpZKa"
1112904227959926784,2019-04-02 02:26:59,Leads to a real scarcity of operators who have 10-20 years experience. The good ones are all rich enough to not nee‚Ä¶ https://t.co/hk0UpEa8yx
1112903842973138944,2019-04-02 02:25:27,"There are others who do it because they are burned out from their first company, and just want to relax while stayi‚Ä¶ https://t.co/4BYg4uw6mK"
1112903586776702976,2019-04-02 02:24:26,"Btw, I don't mean to imply that all VC is retirement. There are some amazing VCs out there for whom it is their cal‚Ä¶ https://t.co/1257WU6CyL"
1112903303094984704,2019-04-02 02:23:18,"I mean, I sort of get it - running a company is stressful. You have to be sort of a lunatic to sign up and do anoth‚Ä¶ https://t.co/IfIwNGoYSj"
1112902896201265152,2019-04-02 02:21:41,I feel like there are way too many investors vs builders in Silicon Valley. I know a lot of entrepreneurs who did a‚Ä¶ https://t.co/Z0UOBMLTMr
1112844504774524928,2019-04-01 22:29:40,"RT @coinbase: ""The price may be down, but innovation is up."" -- Coinbase CEO @brian_armstrong https://t.co/h3NJHFQuF2"
1112767452666949632,2019-04-01 17:23:29,@mwkl5532 @RinatDossayev Real answer: i do think competition and status seeking is innate in humans genetically. So‚Ä¶ https://t.co/Az7hFCqlLZ
1112766450073133066,2019-04-01 17:19:30,@mwkl5532 @RinatDossayev This thread got weird.
1112447713751109632,2019-03-31 20:12:57,Tried to ask a serious question and got spammed by the DigiByte community üòë tough to filter signal from noise https://t.co/FLCqUDx7b1
1112446336316530688,2019-03-31 20:07:29,"@TuurDemeester Will likely do soon, good idea!"
1112446195547275265,2019-03-31 20:06:55,"Just an FYI, I'm not going to comment on which assets we may or may not add in the future, to adhere to our trading‚Ä¶ https://t.co/11prjFNiVG"
1112125088403345408,2019-03-30 22:50:58,"I'm not always the best at interacting with the community tbh, a bit of an introvert. But I want people to know wha‚Ä¶ https://t.co/m0KCEuR25f"
1112124988851576832,2019-03-30 22:50:34,What do you want to see more of from me on Twitter? What questions do you have? Thinking of trying a live video AMA‚Ä¶ https://t.co/6WFQjGf2gG
1112061044522803200,2019-03-30 18:36:28,Would like to be very data driven and not assume anything about impact j til we see evidence. Still very much an ex‚Ä¶ https://t.co/ud5mX7U7Cl
1112060514153054208,2019-03-30 18:34:22,"We need to find a scalable way to get evidence of impact, and try to measure fraud. @joewaltman and team have gotte‚Ä¶ https://t.co/ahFEdhOYKf"
1112060155305164800,2019-03-30 18:32:56,"The intermittent power outages we did not anticipate. Crypto still needs internet and electricity to function, alth‚Ä¶ https://t.co/DXw3Ve3Mjg"
1112059661908246528,2019-03-30 18:30:59,"Getting a store set up that accepts crypto in close proximity to recipients seems to help. Also, we had to build a‚Ä¶ https://t.co/TQ1comPhTN"
1112058946498383872,2019-03-30 18:28:08,"Some footage here of our early experiments sending crypto to Venezuela. A long ways to go still, but starting to ga‚Ä¶ https://t.co/oxGUhHAp8A"
1111768173701849088,2019-03-29 23:12:42,@Sparky91011 @coinbase This isn't us keeping anyone's money. Sounds like a bug or typo if it's still pending. Dust‚Ä¶ https://t.co/MMO4zw5DyL
1111766488933765121,2019-03-29 23:06:01,"@Buck_Coin We're always listening, and working through. Follow assets (when signed in) here to let us know you have‚Ä¶ https://t.co/KIshHv4fh7"
1111766156044451840,2019-03-29 23:04:41,"@cryptomira1 @coinbase Good point - will think more on this, see what we can do. We should add some staking info to https://t.co/xCKjcT6SyW"
1111693465258070016,2019-03-29 18:15:51,"Thank you @breitwoman and @tezos team for being an innovator in crypto governance, and having such tenacity/determi‚Ä¶ https://t.co/WynQZbjfd3"
1111692815631708160,2019-03-29 18:13:16,"RT @paulvigna: The shiny new thing in the crypto world? Interest rates. Coinbase starts ""staking"" service for custody, and others are doing‚Ä¶"
1111692565999304704,2019-03-29 18:12:16,"RT @coindesk: BREAKING: @CoinbaseCustody has launched staking services for institutional clients, starting with Tezos and touting 6.6 perce‚Ä¶"
1111692218358599680,2019-03-29 18:10:53,Thank you @jeffjohnroberts enjoyed the chat! Video hopefully to be published soon on YouTube. https://t.co/gVAmHuq6q6
1111691903538364416,2019-03-29 18:09:38,Prices in crypto appear to have reached a lower bound? (steady to slightly up the last few months) If true would ma‚Ä¶ https://t.co/swlpVZkIsX
1111687210762330112,2019-03-29 17:50:59,"If you're an investment fund looking to trade and store crypto assets, lets us help you get started today -&gt; https://t.co/QjsRDElw2O"
1111686364876046337,2019-03-29 17:47:38,"Coinbase Custody now has:
* Over 60 institutional clients
* Adding about $150M a month in assets in 2019 so far (ov‚Ä¶ https://t.co/iZlgtPiOww"
1111684760235966464,2019-03-29 17:41:15,"Excited to launch staking support for Tezos through Coinbase Custody!
https://t.co/wPsFJpiVlc

Support for more sta‚Ä¶ https://t.co/uv8hT8Dtbt"
1110733022163161089,2019-03-27 02:39:23,"If you're still learning about crypto, now you can earn some while you're learning! Get $50 of Stellar Lumens (XLM)‚Ä¶ https://t.co/cWiDSOulQY"
1110630928332709888,2019-03-26 19:53:42,RT @coinbase: Today we‚Äôre launching our biggest Coinbase Earn opportunity yet. Any eligible US user can now learn about the Stellar protoco‚Ä¶
1110630833528819712,2019-03-26 19:53:19,"RT @balajis: Since the acquisition of Earn by Coinbase last year, we‚Äôve scaled the business to &gt;$170M in GMV, and turned Coinbase Earn into‚Ä¶"
1110572265232457728,2019-03-26 16:00:36,"An important skill to practice, for many areas in life https://t.co/Bc96GvYmz9"
1108611777980325888,2019-03-21 06:10:19,"Coinbase Custody continues to add new assets as well, fairly quick turn around based on client interest. Let us kno‚Ä¶ https://t.co/gJ58nViOWS"
1108541115416735744,2019-03-21 01:29:32,@DiepSanh @coinbase It's already on there! https://t.co/STWrEIzuNS
1108224794527297536,2019-03-20 04:32:35,More and more assets now available to trade on @Coinbase https://t.co/FAgvnc70BR https://t.co/az3rnHV9av
1105944126724366336,2019-03-13 21:30:01,Customers of Coinbase Custody can now complete OTC trades with funds in cold storage üëèüëèüëè https://t.co/rd7Wwigp9Y
1105943761001971713,2019-03-13 21:28:34,Stellar Lumens (XLM) is launching on Coinbase Pro! The new asset train continues  https://t.co/9VN2rqtqQx
1105645362297991174,2019-03-13 01:42:50,"RT @Austen: Today is a day I‚Äôve been waiting for for a long time.

We‚Äôre launching living stipends for Lambda School students. We pay you $‚Ä¶"
1104147574540230656,2019-03-08 22:31:10,"Coinbase HQ, happy International Women's Day https://t.co/ITDXo5yIDG"
1103418952149983232,2019-03-06 22:15:53,RT @timallenwagner: Join us at the next Crypto and Reliability meetup on 3/19! https://t.co/hWBMerqkrs
1103068433543909376,2019-03-05 23:03:03,"@jespow Success for crypto/CB: create more economic freedom -&gt; leads to more innovation, empowerment, equality of o‚Ä¶ https://t.co/rZGsQzAozs"
1103067294219919361,2019-03-05 22:58:31,"@jespow Thx for the kind words!
Personal philosophy: technology is improving the world, try building useful stuff w‚Ä¶ https://t.co/20SS6gSuCU"
1102781161254711297,2019-03-05 04:01:32,I wrote a post about our recent acquisition of Neutrino. These decisions aren‚Äôt easy but this is the right outcome. https://t.co/P1n8NAv4Dl
1100555098147610624,2019-02-27 00:35:57,"Science and engineering is ""real magic"", and drives down costs over time."
1100554562413375488,2019-02-27 00:33:49,"At the 1862 World's Fair ""The manufacture of ice by an early refrigerator caused a sensation""‚Ä¶ https://t.co/3jYqyJ8k4c"
1100128920920178688,2019-02-25 20:22:28,"RT @CoinbasePro: When XRP?? Now! XRP/USD, XRP/EUR, and XRP/BTC order books will soon enter transfer-only mode, accepting inbound transfers‚Ä¶"
1100126475875901449,2019-02-25 20:12:45,I wrote a post with some ideas on how to improve scientific research: https://t.co/eJOQ7HZU62 üôè
1099947653566128129,2019-02-25 08:22:11,RT @NTmoney: Oscars traders were already paid out. Fast resolution and settlement of markets is an underrated service Veil provides to pred‚Ä¶
1099817003311714304,2019-02-24 23:43:01,RT @NadavAHollander: One week at a time üìà @DharmaProtocol https://t.co/IbMSrMrb8y
1099815543605870592,2019-02-24 23:37:13,"@octal Agreed, that is a good approach also (and what happened with coinbase, although the above method could have‚Ä¶ https://t.co/FSDBcOMM25"
1099814816342978561,2019-02-24 23:34:20,"forgot to mention: sum all the scores, and sort by this"
1099814252666212353,2019-02-24 23:32:06,"11/ Side note: some standard should probably emerge for websites to list their sale price in a META tag, or DNS TXT‚Ä¶ https://t.co/VstactvmPT"
1099813723194052609,2019-02-24 23:29:59,10/ Use https://t.co/nqf7v8lOrD. Try to get the social media handles as well if the owner of the domain has them (n‚Ä¶ https://t.co/IykhSetVli
1099813274999152640,2019-02-24 23:28:12,"9/ Finally, pull the trigger, and just keep moving forward - don't let choosing the name slow you down. Little know‚Ä¶ https://t.co/QJ5kDfHn9o"
1099812847385636865,2019-02-24 23:26:31,"8/ 
f. does the name suggest what you do?
g. does it sound positive (or at least neutral)?"
1099812639171960832,2019-02-24 23:25:41,"7/ make a spreadsheet of all your options and give a 1-5 score for each category:
a. can you spell it if someone sa‚Ä¶ https://t.co/jF6bGguTZs"
1099812058017615872,2019-02-24 23:23:22,"6/ do a preliminary trademark search, to make sure you're not going to get a C&amp;D once you start using it‚Ä¶ https://t.co/U9m7e2Uasw"
1099811607016689664,2019-02-24 23:21:35,5/ see who responds promptly and negotiate a bit back and forth if needed
1099811500342968320,2019-02-24 23:21:09,"4/ to see what's for sale, do a WHOIS lookup (https://t.co/0WQobpG8kA prob easiest) on all the combos you like, and‚Ä¶ https://t.co/G7tmldzrDP"
1099811040882085888,2019-02-24 23:19:20,"3/ I think $500-$5,000 is about the sweet spot, truly premium domains that cost $1M usually aren't worth it, and fr‚Ä¶ https://t.co/KBdbjYl8IJ"
1099810581471580162,2019-02-24 23:17:30,"2/ a tool like https://t.co/9RiF8TNEyf can help you look for available names (with all those combinations)

the tro‚Ä¶ https://t.co/ELaIAqnc1i"
1099810033166995456,2019-02-24 23:15:20,"1/ How to create a brand: write down some ""core"" words that are related to what you're doing, then mix it up with e‚Ä¶ https://t.co/1taUp64iHr"
1099759826949697536,2019-02-24 19:55:49,RT @BlockchainROK: üá∞üá∑ - Samsung now priming their phones with Blockchain tutorials. The wallet integration on the Galaxy S10 has been confi‚Ä¶
1099502902786154497,2019-02-24 02:54:54,RT @btaylor: Here‚Äôs a silly Google Maps origin story about how ‚ÄúSatellite‚Äù was almost named ‚ÄúBird Mode‚Äù https://t.co/wj7CRJUEyx
1099492427365142533,2019-02-24 02:13:16,"RT @eladgil: https://t.co/eI27LNYvJg

Open letter from NY State Budget Director on Amazon withdrawal and local politics."
1099164232589836298,2019-02-23 04:29:09,@GRPHcoin @coinbase Audited financial statements is a good start. That is what we do.
1099163653033476102,2019-02-23 04:26:51,"RT @jessepollak: just wrote an email on ""what is accountability"" to our org at @coinbase - think it applies to any company or relationship,‚Ä¶"
1099163577703849985,2019-02-23 04:26:33,"""The world is changed by examples, not by opinions."" - Paulo Coelho"
1098658266979028992,2019-02-21 18:58:37,"While this story isn't perfect, it does seem plausible. I do want to emphasize that these are our best guesses base‚Ä¶ https://t.co/sTePz8MmIO"
1098658064876466176,2019-02-21 18:57:49,"So maybe after about a month of debate [Dec - Jan], management decided to cut losses and release a statement claimi‚Ä¶ https://t.co/1p6ZQjZNSH"
1098657873624612864,2019-02-21 18:57:03,Gerald Cotten reportedly died in early December 2018. But complaints about withdrawal issues on Quadriga escalated in mid 2018.
1098657798533967872,2019-02-21 18:56:45,"This implies that at least few people inside Qadriga knew that they were running fractional. If so, then it's possi‚Ä¶ https://t.co/jpbUOHF3jK"
1098657625749696513,2019-02-21 18:56:04,6. Sequence of events suggests this was a mismanagement with later attempt to cover for it.
1098657315887054848,2019-02-21 18:54:50,5. Liquidity dried out and bear market of 2018 may have caught up with them;
1098657197263806464,2019-02-21 18:54:22,"4. Patterns of sends from cold storage suggest they tried keeping exchange afloat, and maybe attempted to trade the‚Ä¶ https://t.co/VTHE2N2fl0"
1098657013729390592,2019-02-21 18:53:38,3. They suffered a multimillion dollar bug in June 2017 (before things went vertical). https://t.co/SxBLcJgaiP This‚Ä¶ https://t.co/HxaRA7OhW1
1098656860855390208,2019-02-21 18:53:02,"2. QCX was one of the oldest exchanges in existence (founded in 2013). If they planned an exit scam, it likely would have been timed better;"
1098656766605185024,2019-02-21 18:52:39,"1. We identified clusters that look like QCX's ""cold storage"", were controlled by a human (manually), and balances‚Ä¶ https://t.co/xHCAUWaqdE"
1098656491609849856,2019-02-21 18:51:34,"Wanted to share a summary of what we believe happened to QuadrigaCX. We did our own internal research, including so‚Ä¶ https://t.co/flP5J8FF7l"
1098639932422156288,2019-02-21 17:45:46,@Helghardt @SecurityGuyPhil And we have a pretty cool GSOC (global security operations center) to monitor threats 24/7.
1098639209231921152,2019-02-21 17:42:53,@Helghardt Great questions. You should come chat with our security team! @SecurityGuyPhil can answer more. We do on‚Ä¶ https://t.co/9yVc3ec7IG
1098628302909001728,2019-02-21 16:59:33,Thanks @rhhackett for being open to it üôè https://t.co/XkXCA39oxJ
1098626048151846912,2019-02-21 16:50:36,"If you're an institution looking to trade crypto assets and store them securely, send us a note:‚Ä¶ https://t.co/b2sJDRUwoD"
1098625165003378688,2019-02-21 16:47:05,"We've got about 14 assets supported on https://t.co/QjsRDElw2O so far, and adding new ones quickly. Let us know whi‚Ä¶ https://t.co/RgimC9yqAZ"
1098624116205080576,2019-02-21 16:42:55,Coinbase Custody (https://t.co/QjsRDElw2O) has gotten good traction so far. About $500M in assets under custody now‚Ä¶ https://t.co/s0qHR2EoYQ
1098623276668997632,2019-02-21 16:39:35,"What's nice is that if you're an institution who wants to trade (OTC) and earn staking interest, you don't have the‚Ä¶ https://t.co/UH4tcor01C"
1098622915581374464,2019-02-21 16:38:09,Coinbase will continue offering both hot and cold storage solutions - customers should choose the right tool for the right job.
1098622469932371973,2019-02-21 16:36:22,I wrote a post on Fortune about some misconceptions related to hot vs cold storage of crypto assets https://t.co/BSFRGuyvfs
1098620166877761541,2019-02-21 16:27:13,"RT @coinbase: During the recent BCH/BSV hard fork, we implemented a technique called ‚Äúdust mixing‚Äù to generate isolated transactions on the‚Ä¶"
1098096153906696193,2019-02-20 05:44:59,Welcome to the Neutrino team! https://t.co/5epPeRs8IF
1097276341173403648,2019-02-17 23:27:20,"RT @ConnieCurious: Pangolins are my favorite animal! Amazing/bizarre miniature dragon w/plate mail, which walk like a T-rex. They are the m‚Ä¶"
1096619781770350592,2019-02-16 03:58:24,RT @ljxie: The guy sitting next to me on the plane has been playing a shooting game on Oculus the entire flight. He keeps turning his head‚Ä¶
1096595301983432704,2019-02-16 02:21:08,RT @coinbase: Earn $3 worth of Zcash with a new Coinbase Earn opportunity today. Check out the Earn ZEC page to view educational videos abo‚Ä¶
1096116441365995520,2019-02-14 18:38:19,"Looking for a PM to lead Crypto Platform at Coinbase

High growth role working with @balajis, @varunsrin, crypto en‚Ä¶ https://t.co/0Sl2WPAj1p"
1095407688102535168,2019-02-12 19:41:59,"3/ last one....

6. block off meaningful amounts of uninterrupted time alone
7. spend more time with customers (avg‚Ä¶ https://t.co/HaSl2SIxYs"
1095407450528706560,2019-02-12 19:41:02,"2/ continued...

3. time with next level of leadership (skip levels) is well spent
4. stay approachable and find me‚Ä¶ https://t.co/tKtWmR2Q8n"
1095407072177356800,2019-02-12 19:39:32,"1/ https://t.co/yDdjkAtF9p

Long but good read on CEO time management.
1. track what % of time you're spending towa‚Ä¶ https://t.co/75hE85aXoT"
1095192293642915841,2019-02-12 05:26:05,Pretty impressive development tool (and documentation) from the @ethstatus team üëèhttps://t.co/cQQMuPyjO5
1094387636205105158,2019-02-10 00:08:39,"https://t.co/6CVn0nKb1q

https://t.co/EFmTTJMqK0

https://t.co/70jPVOWSiz

ü§î"
1094303251464314880,2019-02-09 18:33:20,RT @zcabrams: It wasn‚Äôt that long ago that ppl thought only criminals would want encrypted / private messaging ... https://t.co/yDMz2O8ImZ
1094303037114314752,2019-02-09 18:32:29,RT @ljxie: I was helping to donate crypto to people in need as part of the @givecrypto ambassador program. I wanted to focus on Venezuela b‚Ä¶
1094129975236521985,2019-02-09 07:04:48,RT @namrataganatra: Super excited about this partnership and this launch from our team @coinbase  and my former employer @PayPal :)  EU use‚Ä¶
1093724394176696320,2019-02-08 04:13:10,"Amazing story, love the candor. üôè @Harjeet https://t.co/JbCFIpX1Ak"
1093723252331933698,2019-02-08 04:08:38,"RT @mattstorus: Crypto education is key for mass adoption. That's why we built @Coinbase Earn.

We're creating simple and beautiful educati‚Ä¶"
1093720907179122689,2019-02-08 03:59:19,Very cool. More building blocks coming together üëå https://t.co/WAzlrvw9Tj
1093405359232802816,2019-02-07 07:05:26,"Another Earn page live! Receive up to $10 of Basic Attention Tokens https://t.co/sThUmbt5mD

Lots of education to b‚Ä¶ https://t.co/Aw9dEji627"
1093023190903775233,2019-02-06 05:46:50,RT @petejkim: More coins coming soon‚Ä¶ https://t.co/oqvUEEYZlR
1093023104815845376,2019-02-06 05:46:30,"Multi-coin support for Coinbase Wallet, now with Bitcoin! Store your own private keys. Let's keep growing the‚Ä¶ https://t.co/y4Y3yNCQyF"
1093022399807639552,2019-02-06 05:43:42,"We finally have one Coinbase YouTube channel to rule them all! https://t.co/qqNnlMiWYb

Subscribe to get our (hopef‚Ä¶ https://t.co/QYkaq0ipTH"
1092497481953202176,2019-02-04 18:57:51,RT @poperbu: #LightningNetwork #Wifi Captive Portal  (#RaspberryPi + #nodogsplash + #lightning-charge + #c-lightning) @Blockstream @lightni‚Ä¶
1090869460741718017,2019-01-31 07:08:41,RT @coinbase: With our new affiliate program you can easily monetize your website or blog and get paid for successful referrals to Coinbase‚Ä¶
1090468225286983681,2019-01-30 04:34:19,"RT @TheBlock__: USDC now supported by nearly 100 companies; exceeds $300 million in market cap
https://t.co/TzSjdqzoGl"
1090467598259519488,2019-01-30 04:31:49,RT @dwr: Big fan of the CLG principles I‚Äôve learned from @brian_armstrong. https://t.co/DBV3jRs21J
1090349255821209600,2019-01-29 20:41:34,"RT @coinbase: Did you sell, convert, or use crypto in 2018? Here‚Äôs a look at what that could mean if you're a US taxpayer, the steps you ma‚Ä¶"
1090349083477176320,2019-01-29 20:40:53,"""winter for price, summer for innovation"" &lt;- ‚ô• https://t.co/4fXgiyWiEy"
1089432870651752448,2019-01-27 08:00:11,I bet we'll see a bunch of human players trying to mimic aspects of the AI play style as it breaks new ground (at l‚Ä¶ https://t.co/pDUc3Cm2Fu
1089432355104649216,2019-01-27 07:58:08,Loved how in this DeepMind StarCraft match the commentators start pointing out mistakes the AI is making (too many‚Ä¶ https://t.co/rxkbgIEop0
1089016199353032704,2019-01-26 04:24:29,"RT @demishassabis: 1/3 Really proud to share #AlphaStar with the world - a milestone for game-playing AI, and the first system to beat a to‚Ä¶"
1088954880490754048,2019-01-26 00:20:49,Popup donut shop accepting crypto at @coinbase today. Doing more user testing important to improve usability. üí™ https://t.co/G6QH2vjWVL
1088907252310859776,2019-01-25 21:11:34,"RT @jaltma: One of the highest predictors of employee success at a startup is initiative, just doing what needs to be done without being as‚Ä¶"
1088508972120694785,2019-01-24 18:48:57,Spotted near the @CoinbaseWallet team desks. We should add something like this in dining area for various snacks... https://t.co/Dm1RtmamHX
1088203366155530240,2019-01-23 22:34:34,"One step closer to Reddit karma (and gold) as crypto. Could be used for....
- rewarding good content/comments
- set‚Ä¶ https://t.co/4WeyKvjZXC"
1087966215342096385,2019-01-23 06:52:13,RT @jaredpalmer: One day I hope to build a product like the AWS Console that is so big and so profitable that I can stack 2 refresh buttons‚Ä¶
1087909294761160704,2019-01-23 03:06:02,"RT @dwr: Home routers feel underutilized. Always on, Internet-connected, mini Linux servers.

An OpenWrt ""crypto distro"" + cheap external U‚Ä¶"
1087909170072809473,2019-01-23 03:05:33,"RT @coinbase: Learn how Coinbase builds and deploys reliable, ephemeral, blockchain-agnostic infrastructure on @awscloud. https://t.co/eCBd‚Ä¶"
1087873373017858049,2019-01-23 00:43:18,Which company working on wifi access points powered by crypto has the best shot?
1087872905948540929,2019-01-23 00:41:27,I tried reading the comments on twitter and it turned out to be useful (for once)! Glad to see so many teams workin‚Ä¶ https://t.co/5b83z4bEIV
1087541654649630720,2019-01-22 02:45:10,"5/ lots of little details to get right, but this is how value gets created for someone tenacious enough"
1087541410041974785,2019-01-22 02:44:12,4/ whatever protocol hotels use to give you with a paywall would be a good v1 (not 100% seamless but at least you c‚Ä¶ https://t.co/NkQiubF24T
1087540918096261121,2019-01-22 02:42:15,"3/ it would need some way to debit your crypto wallet (perhaps some pre-funded account), to be truly seamless, and‚Ä¶ https://t.co/Yly4C6TNVC"
1087540317027323904,2019-01-22 02:39:51,"2/ most apartments (or dense housing) you're in range of dozens of access points, but each one is password protecte‚Ä¶ https://t.co/NndZR9rULq"
1087540000713916416,2019-01-22 02:38:36,1/ has anyone tried creating a wifi access point that accepts crypto? plug it in and it makes you money
1087502795773665280,2019-01-22 00:10:45,"""had lost about 10 percent of their body weight but remained active and showed no loss of appetite"" üê¢"
1087502607512350721,2019-01-22 00:10:01,"TIL the Soviet's orbited two tortoises around the moon in 1968, and returned them safely back to earth.‚Ä¶ https://t.co/p0fDQfMtT4"
1087410465972588544,2019-01-21 18:03:52,RT @ThingsWork: This is the speed of light in real-time https://t.co/2G10CpNYSB
1087207032497758208,2019-01-21 04:35:30,"RT @pavtalk: Super excited to work with Tim (he started AWS Lambda!!) and the Coinbase mafia here.

üèó Crazy about APIs and developer experi‚Ä¶"
1087205176841125888,2019-01-21 04:28:08,RT @ljxie: Last week there was a virtual music festival in Minecraft called Fire Festival w/ dozens of artists &amp; thousands of attendees. Yo‚Ä¶
1086850084845703169,2019-01-20 04:57:07,Also enjoyed watching the Fyre Festival doc on Netflix. Good reminder to go with your gut when you think something‚Ä¶ https://t.co/vlhwxwV7qp
1086142983110455296,2019-01-18 06:07:21,RT @namrataganatra: Thanks to everyone who came to our #Diversity &amp; #Crypto event tonight at @coinbase. It was very inspiring hearing some‚Ä¶
1085756593738702849,2019-01-17 04:31:58,In environments of high growth and opportunity people look to see what they can create for themselves and others. I‚Ä¶ https://t.co/UvKupYuTjy
1085755858632335360,2019-01-17 04:29:03,RT @timallenwagner: Excited to share that the @Blockspring team is joining Coinbase to help build out our developer tools. They‚Äôve built an‚Ä¶
1085276594803888128,2019-01-15 20:44:38,It's performance review season again üòÄ https://t.co/kpPIR7Xclu
1083856920895614976,2019-01-11 22:43:21,Great post on hiring by @aharshner if you're learning how to scale teams üëåhttps://t.co/xxAF85ndFE
1083603458341531649,2019-01-11 05:56:11,"RT @coinbase: We opened our newest office in Portland, OR today! Thanks to the local &amp; state officials and organizations that have welcomed‚Ä¶"
1083405441952956416,2019-01-10 16:49:20,"RT @dwr: Concept for a travel startup: you block off a weekend / week you want to travel 6 months from now. 

‚ÄúLocations‚Äù, airlines, hotels‚Ä¶"
1082463514130673664,2019-01-08 02:26:27,"RT @varunsrin: Excellent work from the @coinbase security team who caught some scary reorgs in ETC. 

The long-tail of PoW chains will find‚Ä¶"
1082383458695966720,2019-01-07 21:08:20,What's the best tool for companies to manage their knowledge base or internal wikis? Could be a content management‚Ä¶ https://t.co/8jxAvxQJrn
1082382831681101824,2019-01-07 21:05:51,RT @jessepollak: super cool detection &amp; analysis https://t.co/EKO1cNPmza
1081625788477202434,2019-01-05 18:57:38,"RT @sama: Speaking of predictions, I made this bet almost four years ago: https://t.co/frDbJx7WqJ

With one year to go, portfolios 2 and 3‚Ä¶"
1081359555714412544,2019-01-05 01:19:43,@devilninja777 Detroit: Become Human was really cool to watch (i never played it). One of the best sci fi movies of‚Ä¶ https://t.co/US8lzFUPWr
1081359301229260800,2019-01-05 01:18:42,"Meant to say ""interactive films"""
1081358811607162880,2019-01-05 01:16:46,Great demo video -&gt; https://t.co/vvWsHLjULj
1081358672876294145,2019-01-05 01:16:12,"The Greatest Hits in Side Channel Attacks https://t.co/ayms6aVOqR
very cool!"
1080953049739288577,2019-01-03 22:24:24,"8/ There should be a new name for these video game + movie hybrids. The term ""video game"" would actually be good if‚Ä¶ https://t.co/UG5rU0Ntkd"
1080952264531968000,2019-01-03 22:21:17,7/ YouTube and Twitch shows that tons of people prefer watching video games (like movies) instead of actually playi‚Ä¶ https://t.co/Pl7g6STPk9
1080951819755343872,2019-01-03 22:19:31,6/ VR will help with this also. Here is a early preview of a VR game where you can place different characters and a‚Ä¶ https://t.co/Y51ohhQHOj
1080951678688419842,2019-01-03 22:18:57,5/ Or control more than simple A/B decisions - and jump into controlling the actual character like a video game during key scenes.
1080951500224966656,2019-01-03 22:18:15,"4/ Next iteration of these ""interactive films"" I think we will see rendered in real time based on who is watching t‚Ä¶ https://t.co/aoZWTaRmxy"
1080948860074115072,2019-01-03 22:07:45,"3/ Bandersnatch is really cool because it required new player software, could only have been done by Netflix probably."
1080948639587921920,2019-01-03 22:06:53,"2/ Movies are using more and more CGI/green screen (or full digital Pixar), and video games are getting more and mo‚Ä¶ https://t.co/6XUu8mzdHn"
1080948142693015552,2019-01-03 22:04:54,"1/ Netflix's new Black Mirror ""interactive film"" Bandersnatch is really impressive, breaks new ground. I think we'l‚Ä¶ https://t.co/rNZrgCf5ng"
1080939206531198976,2019-01-03 21:29:24,"RT @NTmoney: First day at Coinbase office in 2013, ~4 years after the genesis block. 

Thanks Satoshi. Jan/3 üîë https://t.co/33wRToG9QM"
1080910859839229952,2019-01-03 19:36:45,"14/ Every day, I see more talented people coming in to the space, and I‚Äôve never had more conviction about crypto a‚Ä¶ https://t.co/xxBQblHqZj"
1080910717585244163,2019-01-03 19:36:12,13/ I believe we‚Äôre still at the beginning. The white paper signaled the start of a movement and the full promise o‚Ä¶ https://t.co/elaWSNGWnu
1080910647527763968,2019-01-03 19:35:55,"12/ To the extent I was critical of people working on any part of Bitcoin or crypto in the past, I apologize. My ho‚Ä¶ https://t.co/feJNGjb1s2"
1080910061021458432,2019-01-03 19:33:35,11/ Bitcoin remains the most popular asset on Coinbase among new customers and longtime hodlers alike. It's great t‚Ä¶ https://t.co/t33yuaVewc
1080909501190918144,2019-01-03 19:31:22,10/ Bitcoin is one of the most important inventions of all time and has launched a global movement. It's awesome to‚Ä¶ https://t.co/JMWxiJXhKe
1080909418617696256,2019-01-03 19:31:02,9/ I happened to see the word 'coinbase' in the Bitcoin Wiki https://t.co/UlxV5UYRbh (it is a part of the Bitcoin p‚Ä¶ https://t.co/wMXmjnjk1x
1080908755036819456,2019-01-03 19:28:24,"8/ The project was initially called BitBank (I liked how it alliterated - like Paypal, or CocaCola) but the lawyers‚Ä¶ https://t.co/GgOdhBvbuV"
1080908596118839296,2019-01-03 19:27:46,7/ This took ~3 months but helped me understand the protocol one level deeper. I applied to YCombinator with my ide‚Ä¶ https://t.co/2xhqXkff9n
1080908419094069248,2019-01-03 19:27:04,"6/ It helped me start learning about Bitcoin, but it was still too difficult to use (and buggy!). So I started work‚Ä¶ https://t.co/2nzcdaJlE6"
1080908304186892289,2019-01-03 19:26:36,5/ So I started tinkering on nights and weekends on various projects. The first part was a simple Bitcoin wallet fo‚Ä¶ https://t.co/dkOs8HlMxZ
1080908223115227136,2019-01-03 19:26:17,"4/ Most of my friends thought Bitcoin sounded pretty crazy, but something in my gut told me it was important. I wan‚Ä¶ https://t.co/83cYA52rSN"
1080908170376036352,2019-01-03 19:26:04,3/ I got excited by the prospect of another global decentralized protocol (like the internet) that could create a m‚Ä¶ https://t.co/lZrrF0Ddsp
1080908100994023425,2019-01-03 19:25:48,"2/ I read the Satoshi Nakamoto white paper for the first time in 2010, after seeing the link on Hacker News while I‚Ä¶ https://t.co/drJfhuO9Ej"
1080908026318487553,2019-01-03 19:25:30,"1/ Today is a big day for Bitcoin, as it marks 10 years since the Genesis Block. Some people think I don‚Äôt like to‚Ä¶ https://t.co/X6q8d7TDkR"
1080665118063489026,2019-01-03 03:20:16,3/ Key to this: you have to actually be ok with stopping after 20 minutes and being guilt free if that's how you fe‚Ä¶ https://t.co/s8FDl7tX1X
1080664660410421249,2019-01-03 03:18:27,2/ Usually at the 20 minute mark (sometimes I set a timer) I'm so engrossed in what I'm doing that I don't want wan‚Ä¶ https://t.co/VDTrPYYA87
1080664339801989121,2019-01-03 03:17:11,"1/ Productivity tip: when I keep procrastinating on something I often trick myself by saying, ""ok just work on it f‚Ä¶ https://t.co/ATunpdOHC2"
1080608610592337920,2019-01-02 23:35:44,Great template üëèüëèüëè https://t.co/u3tE3BYX5M
1080606963438776321,2019-01-02 23:29:11,What we accomplished in Q4 2018 at Coinbase ü•≥ Happy new year! https://t.co/6yreKEAat7
1080453826795180034,2019-01-02 13:20:40,Great write-up üëå https://t.co/fdIa7Cgl56
1078685460157722624,2018-12-28 16:13:49,"RT @ali01: Four years ago on new years eve, I set out to build for myself a robust habit of habit engineering. Looking back, doing this has‚Ä¶"
1076744199783964672,2018-12-23 07:39:56,Do want https://t.co/5N7DS5UuhB
1076743163937583104,2018-12-23 07:35:49,"RT @Reza_Zadeh: Automated book scanning: automatically turning pages, dealing with page warps through surface tracking. Scanning 250 pages/‚Ä¶"
1076627309170352129,2018-12-22 23:55:27,@LauraBehrensWu @danielgross If it's to be viewed as an influencer or something else prob not. Or if you just don't think it's fun.
1076625874324205568,2018-12-22 23:49:45,@LauraBehrensWu @danielgross I think yes if it (1) helps clarify your own thinking (2) helps put out a bat signal t‚Ä¶ https://t.co/8eKS5LFVxa
1076307430399791104,2018-12-22 02:44:22,I hope the next generation of Airpods have active noise cancellation
1076187738213212161,2018-12-21 18:48:46,https://t.co/aXKoSS5pyF
1075933129905295360,2018-12-21 01:57:02,@WhalePanda @coinbase It's a fair point - i'm not sure how that happened actually. Will endeavor to keep an eye out‚Ä¶ https://t.co/hDIYVsPLnd
1075803586255151104,2018-12-20 17:22:17,"2/ My first foray into philanthropy started this year with @givecrypto, focused on (a) direct cash transfers to peo‚Ä¶ https://t.co/OEa6IODdcS"
1075803343811895297,2018-12-20 17:21:19,"1/ I‚Äôm still early in my journey of discovering how to have the most impact via philanthropy. Today, I‚Äôm proud to j‚Ä¶ https://t.co/76jBBnQW2S"
1075546965000114176,2018-12-20 00:22:33,One step closer to an #OpenFinancialSystem for the world
1075546885274759168,2018-12-20 00:22:14,"~50K people mined crypto
~50M people bought crypto
~1B people will earn crypto

Learning is just one of the first f‚Ä¶ https://t.co/0dx1BJMUPA"
1075545617177313280,2018-12-20 00:17:12,"Now you can *earn* crypto while you *learn* about crypto. Excited to launch earn pages! https://t.co/LzNPGSlC7Q

Fu‚Ä¶ https://t.co/RUC6zjKl1J"
1075524260456591360,2018-12-19 22:52:20,"RT @RyanSAdams: Kudos to @coinbase for adding a decentralized stablecoin competitor to its exchange

Consumers should have access to as man‚Ä¶"
1075519708038782976,2018-12-19 22:34:15,"@WhalePanda Also does this count? https://t.co/IceMijNT2F

In case it isn't already obvious, i love Bitcoin. It's p‚Ä¶ https://t.co/3iNw2uBrID"
1075516497265491968,2018-12-19 22:21:29,@WhalePanda Bitcoin
1075094892672561152,2018-12-18 18:26:11,"""trans-national currency"" is a phrase that I think will become more popular in the coming years"
1075094438857195520,2018-12-18 18:24:23,"The U.S. should help create the next global reserve currency. Write up by Coinbase Chief Legal Officer, Brian Brook‚Ä¶ https://t.co/HgkGjILScc"
1074764718349246464,2018-12-17 20:34:11,Crypto-to-crypto trading now live on Coinbase üò± https://t.co/ea08cLkB6m
1074377091024474112,2018-12-16 18:53:54,"RT @Ian_Fraser: I could watch this for hours 

https://t.co/KAJYgdMX7p"
1074126057102499841,2018-12-16 02:16:22,"RT @coinbase: Starting today, all Coinbase customers in the U.S. can instantly withdraw Coinbase cash balances to PayPal for no fee. 

It's‚Ä¶"
1074108834195468288,2018-12-16 01:07:56,ü§î¬†https://t.co/QjZnzqocik
1074102188224372737,2018-12-16 00:41:32,ü§î https://t.co/tV3KbFWJaF
1074101581715402752,2018-12-16 00:39:07,"RT @paulg: 9 yo: What's the point of life?

Me: I think there are two: to do great things and to be good to people.

9 yo: Can you tell me‚Ä¶"
1073844659728728064,2018-12-15 07:38:12,"RT @danielgross: Average decibel level would be a great addition to Yelp, Google Maps etc."
1073469510990974981,2018-12-14 06:47:30,RT @eladgil: Excited that High Growth Handbook was listed by Bloomberg Business Week as a Best Book of 2018! Thanks to @brian_armstrong for‚Ä¶
1073465768912728070,2018-12-14 06:32:37,"RT @coinbase: Continuous learning is a core value at Coinbase; we regularly invite in big thinkers to share ideas. Today, @mwseibel of @yco‚Ä¶"
1073310670299385856,2018-12-13 20:16:19,RT @zooko: So happy to see that Coinbase is donating Zcash to needy Venezuelan families. ‚ô•Ô∏è https://t.co/uqYDM72wLh
1072750482592956417,2018-12-12 07:10:20,"RT @AWSstartups: Learn from Jack Kearney, software infrastructure engineer at @Coinbase, how his team built the cryptocurrency-exchange's b‚Ä¶"
1072750443552399360,2018-12-12 07:10:11,"RT @givecrypto: Coinbase has donated $10k to GiveCrypto. This donation will be given to 100 families in Santa Elena de Uairen, Venezuelas.‚Ä¶"
1072632921528373248,2018-12-11 23:23:11,"Coinbase is rolling out 12 new things for 12 days of Christmas üôå https://t.co/Ad947eADeh

Stay tuned for tomorrow."
1072543494156247040,2018-12-11 17:27:50,"RT @laurashin: On Unchained, Coinbase's @dwr explains how it lists coins, how it tries to prevent insider trading, and why it's listed coin‚Ä¶"
1071313466240233472,2018-12-08 08:00:09,"RT @dwr: Hypothetical: if you could own the original copy of an internet meme like you could a painting‚Äîwhich one would you own? 

Optimize‚Ä¶"
1071127286651338752,2018-12-07 19:40:20,"RT @coinbase: Over time, we intend to offer access to 90%+ of all compliant digital assets by market cap. To make this vision a reality, we‚Ä¶"
1071127252639768577,2018-12-07 19:40:12,RT @coinbase: Coinbase is exploring the addition of 30+ new digital assets. It‚Äôs our goal to offer support for all assets that meet our sta‚Ä¶
1071117319462506496,2018-12-07 19:00:44,Moar assets üí™üí™üòÅ https://t.co/dca3EORlnS
1071117172343107584,2018-12-07 19:00:08,RT @AsiffHirji: Coinbase continues to push to bring the assets that matter to our customers  https://t.co/2IHMGenGjM
1070917743099052032,2018-12-07 05:47:41,Wow this is a trip down memory lane - me demoing a payment feature I coded on UniversityTutor from almost 10 years‚Ä¶ https://t.co/nyVf3xdgNi
1070912125533511680,2018-12-07 05:25:21,Digital Currency Could Be Widely Used In VR https://t.co/prwRkmxyfM
1070894906955128832,2018-12-07 04:16:56,RT @balajis: Saw the commotion on Twitter &amp; dug into this. Coinbase filed the trademark for BUIDL some time back. I learned about it today‚Ä¶
1070383341877178369,2018-12-05 18:24:10,Welcome Zcash! https://t.co/gC99lb8hQi
1069488322425249792,2018-12-03 07:07:40,@juliadewahl @benedictevans so concise! one of the few speakers i don't have to listen to on 1.5x speed :)
1069488132700028929,2018-12-03 07:06:55,Enjoyed this @benedictevans talks on the next big S-curves in technology (spoiler: crypto is one)‚Ä¶ https://t.co/PzqbgSnJkT
1069007405680230401,2018-12-01 23:16:41,"RT @BitcoinMagazine: Mexican startup Airtm (@theairtm) is launching a campaign to raise donations for Venezuelans, a country whose poor mon‚Ä¶"
1069007318845599744,2018-12-01 23:16:20,"Beat me to this idea, and I'm glad they did üëå let us know if @givecrypto can help cc @joewaltman https://t.co/Wg6VbHqVFK"
1068749971216728064,2018-12-01 06:13:44,"RT @CoinbasePro: ZEC trading on Coinbase Pro is now fully live. The ZEC/USDC order book are now in full-trading mode. Limit, market and sto‚Ä¶"
1068749890619027457,2018-12-01 06:13:24,üçøüòÄ https://t.co/3DNmhKIX2j
1068749183408951297,2018-12-01 06:10:36,üëèüëèüëèüòÅ https://t.co/XhF8A3Yl4t
1068043768522108928,2018-11-29 07:27:32,"RT @VitalikButerin: If I ever made my own media site, I would have a rule that no articles are allowed about events/info that came out less‚Ä¶"
1067989082007982080,2018-11-29 03:50:14,"RT @jerallaire: More #USDC momentum as more exchange, marketplace, wallet and merchant projects adopt this open standard for fiat on the in‚Ä¶"
1067988814205870081,2018-11-29 03:49:10,https://t.co/vzbLe9KX3Z üëÄ
1067988429705666561,2018-11-29 03:47:38,"exactly how i use it üëå
also, i run my phone in do not disturb mode 100% of the time, only people you star should be‚Ä¶ https://t.co/Mmb6mfSbTy"
1067310482468392960,2018-11-27 06:53:43,"RT @garrytan: Coinbase will be the one that weathers the booms and busts of Web 3.0, as Amazon was for 1.0. They're are in it for the long‚Ä¶"
1067293010927308801,2018-11-27 05:44:17,"RT @CoinbaseWallet: Coinbase Wallet now supports Ethereum Classic (ETC)!
https://t.co/M8VdIMW6u8 https://t.co/9hgspuC5Sj"
1066940096677441536,2018-11-26 06:21:56,"https://t.co/wSuL6bElMD
Gene therapy will likely move from therapeutics (curing disease) to enhancing humans quickl‚Ä¶ https://t.co/FqSm7Gmn11"
1066780316893757440,2018-11-25 19:47:02,"@balajis I think the function is: send lat/lng and a real life car shows up there a few minutes later.

For Coinbas‚Ä¶ https://t.co/yyj5icUptI"
1066779583859412992,2018-11-25 19:44:07,"RT @swardley: X : I know you says it's a commodity but we've decided to custom build this software. It creates a better brand experience.
M‚Ä¶"
1066750175857672192,2018-11-25 17:47:15,Great perspective from @fredwilson üëå https://t.co/zSb7EMgwyF we always take a long term view at @coinbase
1066115548214259712,2018-11-23 23:45:28,ü§î https://t.co/gL6oIxlnal amazing how many different approaches there are to problems where you might assume there is only one
1065707333857099776,2018-11-22 20:43:22,"RT @balajis: Blockchains are the next step after open source, as they provide open data &amp; open execution. You don‚Äôt just see the source cod‚Ä¶"
1065706534653485056,2018-11-22 20:40:12,"When you're committed to repeatable innovation, you're going to shut a lot of things down. Treat each as a badge of‚Ä¶ https://t.co/2V79a5m7QR"
1065405060987838464,2018-11-22 00:42:15,Very cool https://t.co/rIH9l3OPjV
1065405031862550529,2018-11-22 00:42:08,RT @sammcingvale: Coinbase has had crypto insurance since 2013 https://t.co/CsQ1XTkClY
1065401826273484801,2018-11-22 00:29:24,"This is a great primer as well, from Coinbase investor @bhorowitz https://t.co/jgsWlqfpAc"
1065401503337242624,2018-11-22 00:28:07,"If your family has questions about cryptocurrency this holiday season, this is a good video to direct them to -&gt; https://t.co/GQKurJ2jfK"
1065005643126296577,2018-11-20 22:15:06,.@benedictevans is üôå https://t.co/M2o66H5WCr
1064735594419376128,2018-11-20 04:22:02,Constraints breed creativity https://t.co/N9CcwEGXKR
1064429600590053376,2018-11-19 08:06:07,Awesome story of a pentest üëåüëÄ https://t.co/jziqnRp4cY
1064383418291544064,2018-11-19 05:02:36,RT @FeliciaCurcuru: The Binti family is expanding! We're on a mission to improve foster care &amp; help every child have a family. Helped 15K f‚Ä¶
1064060457214869504,2018-11-18 07:39:16,üòÖ https://t.co/VtBH6kikbL
1063694144546074624,2018-11-17 07:23:41,"""Searching"" was such a good movie üëå https://t.co/B3sQncfN8a writer/director @aneeshchaganty's first film, one to watch"
1063480007249424384,2018-11-16 17:12:46,"RT @patrickc: There aren‚Äôt many things more important than the dynamics of our scientific progress. Last year, @michael_nielsen and I start‚Ä¶"
1063326234933788672,2018-11-16 07:01:44,RT @emiliemc: Excited to be investors in this incredible hardware company: https://t.co/Wh3vFMfovF cc: @farbood
1062960832579944448,2018-11-15 06:49:46,RT @coinbase: Binance is listing USDC‚Äìthe stablecoin co-created by @circlepay and Coinbase via @centre_io. We co-founded the CENTRE Consort‚Ä¶
1062226589096665088,2018-11-13 06:12:08,"RT @ThingsWork: This is the difference between Microscope and Focus stacking on a ballpoint pen

Focus stacking combines several photos wit‚Ä¶"
1062225686897733632,2018-11-13 06:08:33,"RT @callmevlad: ‚Ä¢ 25 years after the first lightbulb, 99% still didn't have electricity.
‚Ä¢ 25 years after film was invented, 100% of featur‚Ä¶"
1062223093085552641,2018-11-13 05:58:15,Good wisdom from @sama üëå https://t.co/VTCDiLBzH4
1062000976725508096,2018-11-12 15:15:38,RT @namrataganatra: Finland‚Äôs digital money system for asylum seekers shows what blockchain technology potentially can offer the unbanked.‚Ä¶
1061731380558774273,2018-11-11 21:24:21,"RT @timallenwagner: I loved this part of Amazon's culture, but my experience at @coinbase taught me a new trick: Google doc comments make t‚Ä¶"
